Type,SKU,Name,Published,Is featured?,Visibility in catalog,Short description,Description,Tax status,In stock?,Backorders allowed?,Sold individually?,Regular price,Sale price,Categories,Tags,Position,Meta: _hsn_code
simple,GW-COMBO-WELLNESS4,GlowWithin™ Complete Wellness Pack — First Edition Offer,0,0,visible,"The full GlowWithin™ ritual in one box — Nourishing Hair Serum, Brightening Face Serum, Gel Based Face Cream and Intimate Wash. Worth ₹3,196, yours for ₹2,196.","<p>Everything GlowWithin™ makes, in a single box. Hair, face and intimate care — the complete routine, at the best value we offer.</p>
<h3>What&rsquo;s inside</h3>
<ul>
<li>GlowWithin™ Nourishing Hair Serum — 30 ml (₹899)</li>
<li>GlowWithin™ Brightening Face Serum — 30 ml (₹899)</li>
<li>GlowWithin™ Gel Based Face Cream — 100 ml (₹899)</li>
<li>GlowWithin™ Intimate Wash — 100 ml (₹499)</li>
</ul>
<p><strong>Total value ₹3196. Pack price ₹2196 — you save ₹1000 (31%).</strong></p>
<p>For external use only. Patch-test before first use.</p>
<p><em>GlowWithin™ — Your Glow Is Within. Let It Shine Through. For Her, Forever.</em></p>",taxable,1,0,0,3196,2196,Combo Offers,"combo, gift pack, value pack, first edition",0,
simple,GW-COMBO-GLOWGROW,GlowWithin™ Glow & Grow Combo,0,0,visible,"Hair and face, covered. Nourishing Hair Serum + Brightening Face Serum. Worth ₹1,798, yours for ₹1,161.","<p>Grow the hair, glow the skin. The two serums that do the most visible work, paired at a better price than either alone.</p>
<h3>What&rsquo;s inside</h3>
<ul>
<li>GlowWithin™ Nourishing Hair Serum — 30 ml (₹899)</li>
<li>GlowWithin™ Brightening Face Serum — 30 ml (₹899)</li>
</ul>
<p><strong>Total value ₹1798. Pack price ₹1161 — you save ₹637 (35%).</strong></p>
<p>For external use only. Patch-test before first use.</p>
<p><em>GlowWithin™ — Your Glow Is Within. Let It Shine Through. For Her, Forever.</em></p>",taxable,1,0,0,1798,1161,Combo Offers,"combo, serum duo, value pack",1,
simple,GW-COMBO-DOUBLEGLOW,GlowWithin™ Double Glow Offer,0,0,visible,"Two Brightening Face Serums — one for now, one for the shelf (or for her). Worth ₹1,798, yours for ₹1,161.","<p>The serum people finish fastest, twice over. Keep one, gift one, or simply never run out mid-routine.</p>
<h3>What&rsquo;s inside</h3>
<ul>
<li>GlowWithin™ Brightening Face Serum — 30 ml (₹899)</li>
<li>GlowWithin™ Brightening Face Serum — 30 ml (₹899)</li>
</ul>
<p><strong>Total value ₹1798. Pack price ₹1161 — you save ₹637 (35%).</strong></p>
<p>For external use only. Patch-test before first use.</p>
<p><em>GlowWithin™ — Your Glow Is Within. Let It Shine Through. For Her, Forever.</em></p>",taxable,1,0,0,1798,1161,Combo Offers,"combo, face serum, twin pack, value pack",2,3304
simple,GW-COMBO-HAIRDUO,GlowWithin™ Hair Duo — 2X Care,0,0,visible,"Two Nourishing Hair Serums for a full course of care. Worth ₹1,798, yours for ₹1,161.","<p>Hair care rewards consistency. Two bottles carry the routine long enough to see where it goes.</p>
<h3>What&rsquo;s inside</h3>
<ul>
<li>GlowWithin™ Nourishing Hair Serum — 30 ml (₹899)</li>
<li>GlowWithin™ Nourishing Hair Serum — 30 ml (₹899)</li>
</ul>
<p><strong>Total value ₹1798. Pack price ₹1161 — you save ₹637 (35%).</strong></p>
<p>For external use only. Patch-test before first use.</p>
<p><em>GlowWithin™ — Your Glow Is Within. Let It Shine Through. For Her, Forever.</em></p>",taxable,1,0,0,1798,1161,Combo Offers,"combo, hair serum, twin pack, value pack",3,3305
